<?xml version="1.0" encoding="UTF-8"?>
<project-private xmlns="http://www.netbeans.org/ns/project-private/1">
    <editor-bookmarks xmlns="http://www.netbeans.org/ns/editor-bookmarks/2" lastBookmarkId="0"/>
    <open-files xmlns="http://www.netbeans.org/ns/projectui-open-files/2">
        <group>
            <file>file:/D:/xampp/htdocs/Cst499Project/footer.php</file>
            <file>file:/D:/xampp/htdocs/Cst499Project/config.php</file>
            <file>file:/D:/xampp/htdocs/Cst499Project/logout.php</file>
            <file>file:/D:/xampp/htdocs/Cst499Project/welcome.php</file>
            <file>file:/D:/xampp/htdocs/Cst499Project/header.php</file>
            <file>file:/D:/xampp/htdocs/Cst499Project/login.php</file>
            <file>file:/D:/xampp/htdocs/Cst499Project/reset-password.php</file>
            <file>file:/D:/xampp/htdocs/Cst499Project/index.php</file>
            <file>file:/D:/xampp/htdocs/Cst499Project/classRegister.php</file>
            <file>file:/D:/xampp/htdocs/Cst499Project/profile.php</file>
            <file>file:/D:/xampp/htdocs/Cst499Project/registration.php</file>
        </group>
    </open-files>
</project-private>
